authorization_id,patient_id,provider_id,coverage_id,procedure_id,diagnosis_id,created_at,submitted_at,urgency,initial_submission_complete,documentation_status,current_status,decision_at,authorization_number,denial_reason,requested_service_date
AUTH0001,PAT043,PRV007,COV043,PROC003,DX010,2026-04-21 20:13:21,2026-04-22 15:13:21,standard,1,complete,Submitted,,,,2026-04-28
AUTH0002,PAT020,PRV005,COV020,PROC004,DX007,2026-06-02 21:54:05,2026-06-03 13:54:05,standard,1,complete,Denied,2026-06-06 05:54:05,,Required clinical documentation incomplete,2026-07-11
AUTH0003,PAT031,PRV003,COV031,PROC002,DX005,2026-04-11 10:10:49,2026-04-11 14:10:49,standard,1,complete,In Review,,,,2026-05-07
AUTH0004,PAT015,PRV004,COV015,PROC003,DX001,2026-01-10 07:22:17,,standard,1,pending-review,Draft,,,,2026-02-16
AUTH0005,PAT040,PRV002,COV040,PROC008,DX007,2026-06-22 09:41:50,2026-06-23 09:41:50,standard,0,complete,In Review,,,,2026-07-14
AUTH0006,PAT010,PRV001,COV010,PROC002,DX007,2026-02-12 19:52:25,2026-02-13 13:52:25,standard,1,complete,Cancelled,,,,2026-02-22
AUTH0007,PAT036,PRV004,COV036,PROC002,DX008,2026-01-27 05:24:18,2026-01-28 00:24:18,standard,1,complete,Cancelled,,,,2026-03-03
AUTH0008,PAT040,PRV009,COV040,PROC007,DX009,2026-03-28 22:06:28,2026-03-29 15:06:28,expedited,1,complete,Approved,2026-03-31 19:06:28,PA-260008,,2026-04-19
AUTH0009,PAT041,PRV005,COV041,PROC009,DX008,2026-05-03 00:51:33,2026-05-04 00:51:33,standard,1,complete,In Review,,,,2026-05-25
AUTH0010,PAT018,PRV006,COV018,PROC006,DX009,2026-01-16 23:31:08,2026-01-17 23:31:08,standard,0,complete,Approved,2026-01-20 12:31:08,PA-260010,,2026-02-18
AUTH0011,PAT022,PRV009,COV022,PROC008,DX007,2026-01-13 10:10:45,2026-01-14 06:10:45,standard,1,complete,In Review,,,,2026-02-25
AUTH0012,PAT025,PRV008,COV025,PROC001,DX006,2026-02-28 07:38:08,2026-02-28 22:38:08,standard,1,complete,Denied,2026-03-03 03:38:08,,Required clinical documentation incomplete,2026-03-24
AUTH0013,PAT028,PRV008,COV028,PROC001,DX007,2026-03-07 14:28:37,2026-03-07 21:28:37,standard,1,complete,Denied,2026-03-09 18:28:37,,Out-of-network service limitation,2026-04-17
AUTH0014,PAT002,PRV007,COV002,PROC010,DX010,2026-05-10 01:48:10,2026-05-10 07:48:10,standard,1,complete,Approved,2026-05-12 07:48:10,PA-260014,,2026-05-20
AUTH0015,PAT017,PRV007,COV017,PROC006,DX004,2026-03-30 15:03:08,2026-03-31 05:03:08,standard,1,complete,Approved,2026-04-02 08:03:08,PA-260015,,2026-04-22
AUTH0016,PAT006,PRV008,COV006,PROC001,DX009,2026-01-11 10:44:11,2026-01-12 08:44:11,expedited,1,complete,Approved,2026-01-12 22:44:11,PA-260016,,2026-01-19
AUTH0017,PAT016,PRV004,COV016,PROC001,DX010,2026-01-30 22:09:11,,standard,1,pending-review,Cancelled,,,,2026-03-14
AUTH0018,PAT014,PRV008,COV014,PROC005,DX006,2026-02-02 21:57:14,2026-02-03 21:57:14,standard,1,complete,Submitted,,,,2026-02-16
AUTH0019,PAT050,PRV003,COV050,PROC005,DX002,2026-04-23 16:51:58,2026-04-24 03:51:58,standard,1,complete,Submitted,,,,2026-06-05
AUTH0020,PAT044,PRV007,COV044,PROC007,DX004,2026-01-16 02:10:09,2026-01-16 11:10:09,standard,1,complete,Approved,2026-01-17 20:10:09,PA-260020,,2026-03-02
AUTH0021,PAT008,PRV010,COV008,PROC001,DX006,2026-04-14 18:46:22,2026-04-15 12:46:22,standard,1,complete,Denied,2026-04-16 17:46:22,,Alternative treatment required before approval,2026-05-22
AUTH0022,PAT007,PRV007,COV007,PROC006,DX008,2026-05-18 16:17:49,2026-05-19 10:17:49,standard,0,complete,In Review,,,,2026-06-23
AUTH0023,PAT028,PRV010,COV028,PROC005,DX006,2026-06-15 17:16:15,2026-06-16 03:16:15,standard,1,complete,Approved,2026-06-18 06:16:15,PA-260023,,2026-07-21
AUTH0024,PAT037,PRV010,COV037,PROC007,DX006,2026-01-06 21:45:06,2026-01-07 14:45:06,standard,1,complete,In Review,,,,2026-02-04
AUTH0025,PAT017,PRV006,COV017,PROC005,DX010,2026-05-17 11:45:11,2026-05-18 05:45:11,expedited,1,complete,Denied,2026-05-19 06:45:11,,Required clinical documentation incomplete,2026-06-19
AUTH0026,PAT032,PRV009,COV032,PROC004,DX008,2026-05-06 18:07:32,2026-05-06 20:07:32,standard,1,complete,Approved,2026-05-08 03:07:32,PA-260026,,2026-05-27
AUTH0027,PAT026,PRV004,COV026,PROC005,DX010,2026-03-13 23:45:35,2026-03-14 14:45:35,standard,1,complete,In Review,,,,2026-04-11
AUTH0028,PAT045,PRV008,COV045,PROC005,DX005,2026-02-19 03:37:33,2026-02-19 15:37:33,standard,1,complete,Approved,2026-02-20 17:37:33,PA-260028,,2026-03-10
AUTH0029,PAT014,PRV008,COV014,PROC005,DX010,2026-05-28 22:49:32,,standard,1,pending-review,Draft,,,,2026-06-22
AUTH0030,PAT007,PRV004,COV007,PROC005,DX004,2026-03-12 09:49:39,2026-03-13 04:49:39,standard,0,complete,Denied,2026-03-14 17:49:39,,Out-of-network service limitation,2026-04-06
AUTH0031,PAT045,PRV003,COV045,PROC008,DX002,2026-06-19 19:10:07,,standard,1,pending-review,Draft,,,,2026-07-14
AUTH0032,PAT031,PRV008,COV031,PROC008,DX006,2026-02-06 03:11:49,2026-02-06 20:11:49,expedited,1,complete,Approved,2026-02-07 15:11:49,PA-260032,,2026-03-10
AUTH0033,PAT032,PRV002,COV032,PROC010,DX001,2026-01-30 19:05:56,2026-01-31 15:05:56,standard,0,incomplete,Additional Information Required,,,,2026-02-11
AUTH0034,PAT016,PRV002,COV016,PROC009,DX007,2026-04-29 01:38:42,2026-04-29 19:38:42,standard,1,complete,Approved,2026-05-02 07:38:42,PA-260034,,2026-06-03
AUTH0035,PAT020,PRV010,COV020,PROC007,DX005,2026-04-21 18:00:19,2026-04-22 15:00:19,standard,0,incomplete,Additional Information Required,,,,2026-05-11
AUTH0036,PAT041,PRV004,COV041,PROC005,DX002,2026-01-31 19:56:20,2026-02-01 02:56:20,standard,1,complete,Approved,2026-02-02 12:56:20,PA-260036,,2026-03-07
AUTH0037,PAT045,PRV010,COV045,PROC008,DX005,2026-01-07 16:06:45,2026-01-08 16:06:45,standard,1,complete,Submitted,,,,2026-02-01
AUTH0038,PAT045,PRV008,COV045,PROC002,DX004,2026-06-29 17:44:15,2026-06-30 15:44:15,standard,0,incomplete,Additional Information Required,,,,2026-08-02
AUTH0039,PAT008,PRV009,COV008,PROC004,DX003,2026-06-26 17:30:15,2026-06-26 20:30:15,standard,0,complete,Approved,2026-06-30 05:30:15,PA-260039,,2026-07-10
AUTH0040,PAT030,PRV005,COV030,PROC007,DX005,2026-04-08 12:22:09,2026-04-09 09:22:09,standard,1,complete,Approved,2026-04-10 22:22:09,PA-260040,,2026-05-05
AUTH0041,PAT039,PRV005,COV039,PROC001,DX002,2026-02-14 18:51:54,2026-02-15 14:51:54,expedited,1,complete,Submitted,,,,2026-03-30
AUTH0042,PAT002,PRV005,COV002,PROC010,DX001,2026-05-29 12:20:44,2026-05-30 10:20:44,standard,1,complete,In Review,,,,2026-06-22
AUTH0043,PAT012,PRV010,COV012,PROC007,DX008,2026-01-19 01:13:13,2026-01-19 13:13:13,standard,1,complete,Approved,2026-01-20 13:13:13,PA-260043,,2026-02-16
AUTH0044,PAT027,PRV008,COV027,PROC005,DX007,2026-06-08 07:29:33,2026-06-08 11:29:33,standard,0,complete,In Review,,,,2026-06-22
AUTH0045,PAT050,PRV007,COV050,PROC009,DX001,2026-05-09 00:55:10,,expedited,1,pending-review,Draft,,,,2026-06-14
AUTH0046,PAT027,PRV001,COV027,PROC004,DX009,2026-03-12 14:00:50,2026-03-13 06:00:50,standard,1,complete,Approved,2026-03-14 06:00:50,PA-260046,,2026-04-05
AUTH0047,PAT036,PRV003,COV036,PROC005,DX008,2026-06-21 09:02:33,2026-06-22 07:02:33,standard,0,complete,In Review,,,,2026-08-02
AUTH0048,PAT001,PRV009,COV001,PROC007,DX002,2026-02-13 23:10:51,2026-02-14 15:10:51,expedited,1,complete,Approved,2026-02-15 15:10:51,PA-260048,,2026-03-23
AUTH0049,PAT046,PRV005,COV046,PROC009,DX005,2026-03-23 00:19:31,2026-03-23 09:19:31,standard,1,complete,Cancelled,,,,2026-05-04
AUTH0050,PAT010,PRV007,COV010,PROC004,DX010,2026-04-10 00:34:27,2026-04-10 04:34:27,standard,0,complete,Approved,2026-04-14 07:34:27,PA-260050,,2026-05-04
AUTH0051,PAT001,PRV005,COV001,PROC005,DX010,2026-04-23 22:38:19,2026-04-24 15:38:19,expedited,0,incomplete,Additional Information Required,,,,2026-05-28
AUTH0052,PAT035,PRV008,COV035,PROC006,DX006,2026-04-18 12:07:17,2026-04-19 00:07:17,standard,1,complete,Approved,2026-04-20 11:07:17,PA-260052,,2026-05-31
AUTH0053,PAT025,PRV004,COV025,PROC007,DX001,2026-03-04 02:48:32,2026-03-04 16:48:32,standard,1,complete,Approved,2026-03-06 09:48:32,PA-260053,,2026-04-11
AUTH0054,PAT003,PRV003,COV003,PROC009,DX010,2026-03-06 19:12:26,2026-03-07 11:12:26,expedited,0,incomplete,Additional Information Required,,,,2026-04-15
AUTH0055,PAT030,PRV001,COV030,PROC003,DX007,2026-06-19 10:50:30,2026-06-20 03:50:30,standard,0,complete,Approved,2026-06-23 03:50:30,PA-260055,,2026-07-17
AUTH0056,PAT044,PRV009,COV044,PROC007,DX006,2026-05-03 01:05:45,2026-05-03 20:05:45,standard,1,complete,Approved,2026-05-04 10:05:45,PA-260056,,2026-05-25
AUTH0057,PAT041,PRV005,COV041,PROC004,DX002,2026-03-26 14:27:13,2026-03-27 12:27:13,expedited,1,complete,Submitted,,,,2026-04-08
AUTH0058,PAT029,PRV003,COV029,PROC005,DX001,2026-01-10 06:20:00,2026-01-10 19:20:00,standard,0,complete,Denied,2026-01-13 23:20:00,,Out-of-network service limitation,2026-02-12
AUTH0059,PAT037,PRV003,COV037,PROC003,DX003,2026-01-16 16:01:09,2026-01-17 06:01:09,standard,0,incomplete,Additional Information Required,,,,2026-02-23
AUTH0060,PAT038,PRV003,COV038,PROC004,DX008,2026-05-05 04:51:03,2026-05-05 06:51:03,standard,1,complete,Approved,2026-05-07 13:51:03,PA-260060,,2026-06-15
AUTH0061,PAT011,PRV002,COV011,PROC008,DX006,2026-04-25 10:16:57,2026-04-26 10:16:57,standard,1,complete,Denied,2026-04-28 15:16:57,,Requested service not covered by plan,2026-05-14
AUTH0062,PAT025,PRV008,COV025,PROC002,DX004,2026-03-16 09:17:11,2026-03-17 09:17:11,standard,1,complete,Approved,2026-03-18 12:17:11,PA-260062,,2026-04-17
AUTH0063,PAT018,PRV001,COV018,PROC010,DX001,2026-06-27 03:46:57,2026-06-27 14:46:57,standard,1,complete,In Review,,,,2026-08-11
AUTH0064,PAT023,PRV004,COV023,PROC004,DX010,2026-02-19 00:00:19,2026-02-19 23:00:19,standard,1,complete,In Review,,,,2026-03-04
AUTH0065,PAT041,PRV001,COV041,PROC005,DX008,2026-01-07 19:29:23,2026-01-07 23:29:23,standard,1,complete,Denied,2026-01-09 21:29:23,,Alternative treatment required before approval,2026-01-25
AUTH0066,PAT013,PRV003,COV013,PROC009,DX006,2026-04-14 09:57:04,2026-04-14 19:57:04,standard,1,complete,Submitted,,,,2026-05-01
AUTH0067,PAT017,PRV008,COV017,PROC005,DX006,2026-06-06 11:59:43,2026-06-06 17:59:43,standard,1,complete,Denied,2026-06-08 16:59:43,,Out-of-network service limitation,2026-07-06
AUTH0068,PAT006,PRV007,COV006,PROC001,DX005,2026-04-15 12:36:29,2026-04-16 11:36:29,standard,1,complete,Approved,2026-04-18 11:36:29,PA-260068,,2026-05-15
AUTH0069,PAT007,PRV004,COV007,PROC008,DX001,2026-05-01 15:17:51,2026-05-02 12:17:51,expedited,1,complete,Approved,2026-05-03 14:17:51,PA-260069,,2026-06-06
AUTH0070,PAT045,PRV005,COV045,PROC007,DX002,2026-01-28 11:24:29,,standard,1,pending-review,Cancelled,,,,2026-02-11
AUTH0071,PAT007,PRV004,COV007,PROC009,DX003,2026-03-17 19:13:15,2026-03-18 19:13:15,standard,1,complete,Approved,2026-03-20 14:13:15,PA-260071,,2026-04-19
AUTH0072,PAT042,PRV002,COV042,PROC008,DX010,2026-03-21 13:57:28,2026-03-22 13:57:28,expedited,1,complete,Approved,2026-03-24 09:57:28,PA-260072,,2026-04-25
AUTH0073,PAT029,PRV004,COV029,PROC006,DX002,2026-05-14 11:30:05,2026-05-15 09:30:05,standard,1,complete,In Review,,,,2026-05-24
AUTH0074,PAT026,PRV005,COV026,PROC004,DX002,2026-06-15 00:07:15,2026-06-15 08:07:15,standard,0,complete,Approved,2026-06-17 14:07:15,PA-260074,,2026-06-30
AUTH0075,PAT037,PRV004,COV037,PROC002,DX009,2026-02-10 13:25:23,2026-02-10 22:25:23,standard,1,complete,Denied,2026-02-12 12:25:23,,Out-of-network service limitation,2026-02-17
AUTH0076,PAT018,PRV003,COV018,PROC003,DX009,2026-02-19 00:07:59,2026-02-19 02:07:59,standard,0,complete,Denied,2026-02-21 15:07:59,,Out-of-network service limitation,2026-03-18
AUTH0077,PAT002,PRV003,COV002,PROC005,DX001,2026-01-25 22:44:15,2026-01-26 16:44:15,standard,1,complete,Submitted,,,,2026-02-08
AUTH0078,PAT048,PRV002,COV048,PROC008,DX008,2026-06-01 09:49:19,2026-06-02 01:49:19,standard,1,complete,Denied,2026-06-04 07:49:19,,Out-of-network service limitation,2026-06-10
AUTH0079,PAT047,PRV009,COV047,PROC005,DX008,2026-05-06 06:11:05,2026-05-06 23:11:05,expedited,0,complete,Denied,2026-05-10 18:11:05,,Alternative treatment required before approval,2026-05-17
AUTH0080,PAT006,PRV006,COV006,PROC010,DX003,2026-01-14 02:06:05,2026-01-14 22:06:05,standard,1,complete,In Review,,,,2026-02-14
AUTH0081,PAT039,PRV009,COV039,PROC005,DX008,2026-04-09 12:02:19,2026-04-10 12:02:19,standard,0,complete,Denied,2026-04-13 23:02:19,,Alternative treatment required before approval,2026-04-30
AUTH0082,PAT027,PRV006,COV027,PROC008,DX007,2026-03-23 02:39:08,2026-03-23 14:39:08,standard,1,complete,Approved,2026-03-25 13:39:08,PA-260082,,2026-04-08
AUTH0083,PAT044,PRV008,COV044,PROC002,DX002,2026-06-11 20:20:16,2026-06-12 09:20:16,standard,1,complete,In Review,,,,2026-07-23
AUTH0084,PAT004,PRV010,COV004,PROC009,DX009,2026-03-06 08:15:41,2026-03-07 07:15:41,standard,1,complete,Approved,2026-03-08 21:15:41,PA-260084,,2026-03-31
AUTH0085,PAT039,PRV005,COV039,PROC006,DX002,2026-04-23 13:17:43,2026-04-24 06:17:43,standard,0,complete,In Review,,,,2026-06-04
AUTH0086,PAT024,PRV002,COV024,PROC005,DX010,2026-02-14 05:58:39,2026-02-15 02:58:39,standard,1,complete,Approved,2026-02-16 04:58:39,PA-260086,,2026-02-22
AUTH0087,PAT012,PRV005,COV012,PROC005,DX006,2026-03-10 11:53:15,2026-03-11 07:53:15,standard,1,complete,In Review,,,,2026-03-21
AUTH0088,PAT010,PRV001,COV010,PROC002,DX009,2026-02-12 02:35:30,2026-02-12 09:35:30,standard,1,complete,Approved,2026-02-14 11:35:30,PA-260088,,2026-03-11
AUTH0089,PAT050,PRV010,COV050,PROC010,DX002,2026-06-21 20:40:22,2026-06-22 03:40:22,standard,0,incomplete,Additional Information Required,,,,2026-07-03
AUTH0090,PAT018,PRV008,COV018,PROC007,DX008,2026-04-29 05:10:45,2026-04-29 23:10:45,standard,1,complete,In Review,,,,2026-05-28
AUTH0091,PAT028,PRV002,COV028,PROC005,DX010,2026-04-05 19:52:22,2026-04-06 04:52:22,standard,1,complete,Denied,2026-04-07 16:52:22,,Medical necessity criteria not met,2026-04-25
AUTH0092,PAT020,PRV004,COV020,PROC003,DX005,2026-02-26 12:55:17,2026-02-27 03:55:17,standard,0,complete,In Review,,,,2026-04-08
AUTH0093,PAT046,PRV004,COV046,PROC009,DX009,2026-06-12 03:42:43,2026-06-12 17:42:43,standard,1,complete,Denied,2026-06-14 06:42:43,,Medical necessity criteria not met,2026-07-18
AUTH0094,PAT005,PRV006,COV005,PROC010,DX007,2026-04-22 16:14:10,2026-04-23 03:14:10,standard,1,complete,Approved,2026-04-24 19:14:10,PA-260094,,2026-04-30
AUTH0095,PAT021,PRV003,COV021,PROC010,DX008,2026-06-11 21:31:18,2026-06-12 12:31:18,standard,1,complete,In Review,,,,2026-07-03
AUTH0096,PAT028,PRV010,COV028,PROC007,DX009,2026-01-16 14:31:19,,standard,1,pending-review,Cancelled,,,,2026-02-06
AUTH0097,PAT022,PRV003,COV022,PROC002,DX009,2026-05-04 07:02:27,2026-05-04 20:02:27,standard,1,complete,Approved,2026-05-06 11:02:27,PA-260097,,2026-05-26
AUTH0098,PAT007,PRV003,COV007,PROC005,DX004,2026-02-04 00:33:50,2026-02-04 22:33:50,standard,1,complete,Denied,2026-02-05 21:33:50,,Alternative treatment required before approval,2026-03-12
AUTH0099,PAT049,PRV010,COV049,PROC010,DX008,2026-05-13 14:18:43,2026-05-14 12:18:43,expedited,1,complete,Approved,2026-05-16 12:18:43,PA-260099,,2026-05-29
AUTH0100,PAT029,PRV002,COV029,PROC008,DX008,2026-05-03 22:28:04,2026-05-04 08:28:04,standard,1,complete,Submitted,,,,2026-06-16
AUTH0101,PAT004,PRV006,COV004,PROC009,DX002,2026-03-02 14:36:19,2026-03-03 03:36:19,standard,0,complete,Approved,2026-03-06 04:36:19,PA-260101,,2026-04-02
AUTH0102,PAT030,PRV010,COV030,PROC009,DX001,2026-03-29 15:54:39,2026-03-29 23:54:39,expedited,1,complete,In Review,,,,2026-05-13
AUTH0103,PAT031,PRV009,COV031,PROC003,DX001,2026-03-29 19:35:23,2026-03-30 07:35:23,standard,1,complete,Approved,2026-04-01 04:35:23,PA-260103,,2026-04-16
AUTH0104,PAT003,PRV004,COV003,PROC008,DX008,2026-04-13 02:20:11,2026-04-13 09:20:11,standard,0,incomplete,Additional Information Required,,,,2026-05-13
AUTH0105,PAT019,PRV007,COV019,PROC007,DX006,2026-05-13 03:53:33,2026-05-14 01:53:33,standard,1,complete,In Review,,,,2026-05-24
AUTH0106,PAT022,PRV002,COV022,PROC009,DX007,2026-02-25 12:13:15,2026-02-26 09:13:15,standard,1,complete,Approved,2026-02-27 23:13:15,PA-260106,,2026-03-09
AUTH0107,PAT038,PRV003,COV038,PROC006,DX005,2026-05-08 17:26:11,2026-05-09 14:26:11,standard,1,complete,Approved,2026-05-10 22:26:11,PA-260107,,2026-06-19
AUTH0108,PAT025,PRV006,COV025,PROC003,DX009,2026-01-19 11:31:20,2026-01-20 00:31:20,standard,1,complete,Denied,2026-01-21 08:31:20,,Requested service not covered by plan,2026-02-06
AUTH0109,PAT014,PRV006,COV014,PROC008,DX004,2026-02-14 07:46:01,2026-02-14 18:46:01,expedited,0,complete,Approved,2026-02-17 07:46:01,PA-260109,,2026-03-01
AUTH0110,PAT039,PRV007,COV039,PROC003,DX003,2026-02-05 10:48:11,2026-02-06 07:48:11,standard,1,complete,Submitted,,,,2026-02-22
AUTH0111,PAT047,PRV008,COV047,PROC001,DX007,2026-03-13 01:45:29,2026-03-13 17:45:29,standard,0,complete,Approved,2026-03-16 22:45:29,PA-260111,,2026-04-08
AUTH0112,PAT031,PRV004,COV031,PROC006,DX010,2026-03-27 21:19:57,2026-03-28 11:19:57,standard,1,complete,Denied,2026-03-31 05:19:57,,Required clinical documentation incomplete,2026-04-15
AUTH0113,PAT039,PRV003,COV039,PROC005,DX001,2026-05-05 20:06:39,2026-05-06 01:06:39,standard,1,complete,Approved,2026-05-07 10:06:39,PA-260113,,2026-05-17
AUTH0114,PAT049,PRV003,COV049,PROC005,DX008,2026-06-26 03:01:57,2026-06-26 07:01:57,standard,1,complete,Approved,2026-06-28 09:01:57,PA-260114,,2026-07-25
AUTH0115,PAT002,PRV007,COV002,PROC001,DX007,2026-04-08 19:31:21,2026-04-08 23:31:21,standard,1,complete,Approved,2026-04-10 20:31:21,PA-260115,,2026-04-16
AUTH0116,PAT021,PRV002,COV021,PROC006,DX003,2026-01-28 01:15:38,2026-01-28 18:15:38,standard,1,complete,Approved,2026-01-30 16:15:38,PA-260116,,2026-03-04
AUTH0117,PAT040,PRV001,COV040,PROC002,DX001,2026-02-20 00:41:31,2026-02-20 06:41:31,standard,0,incomplete,Additional Information Required,,,,2026-03-06
AUTH0118,PAT050,PRV005,COV050,PROC004,DX005,2026-01-24 23:51:16,2026-01-25 20:51:16,standard,1,complete,Denied,2026-01-27 13:51:16,,Medical necessity criteria not met,2026-03-03
AUTH0119,PAT039,PRV009,COV039,PROC001,DX009,2026-04-22 23:54:55,,standard,1,pending-review,Cancelled,,,,2026-04-29
AUTH0120,PAT040,PRV006,COV040,PROC004,DX010,2026-03-23 05:20:44,2026-03-23 23:20:44,standard,1,complete,Approved,2026-03-25 10:20:44,PA-260120,,2026-05-02
AUTH0121,PAT035,PRV009,COV035,PROC009,DX009,2026-01-05 06:45:53,,standard,1,pending-review,Cancelled,,,,2026-02-04
AUTH0122,PAT017,PRV001,COV017,PROC006,DX002,2026-03-09 06:53:45,2026-03-09 11:53:45,standard,1,complete,Cancelled,,,,2026-03-24
AUTH0123,PAT003,PRV006,COV003,PROC009,DX006,2026-06-08 07:13:33,2026-06-09 06:13:33,standard,0,incomplete,Additional Information Required,,,,2026-07-15
AUTH0124,PAT041,PRV003,COV041,PROC003,DX002,2026-05-20 09:00:42,2026-05-20 20:00:42,standard,1,complete,Denied,2026-05-21 18:00:42,,Required clinical documentation incomplete,2026-05-29
AUTH0125,PAT021,PRV005,COV021,PROC009,DX007,2026-06-08 16:04:03,2026-06-09 14:04:03,standard,1,complete,Approved,2026-06-11 04:04:03,PA-260125,,2026-07-07
AUTH0126,PAT050,PRV001,COV050,PROC006,DX005,2026-01-25 12:05:44,2026-01-26 02:05:44,standard,1,complete,Denied,2026-01-28 14:05:44,,Requested service not covered by plan,2026-02-12
AUTH0127,PAT032,PRV008,COV032,PROC006,DX009,2026-02-22 03:00:30,2026-02-22 07:00:30,standard,1,complete,Approved,2026-02-24 05:00:30,PA-260127,,2026-04-04
AUTH0128,PAT019,PRV006,COV019,PROC002,DX002,2026-03-06 00:13:03,2026-03-06 21:13:03,standard,1,complete,Approved,2026-03-08 18:13:03,PA-260128,,2026-04-10
AUTH0129,PAT023,PRV008,COV023,PROC001,DX006,2026-04-30 17:24:56,2026-04-30 20:24:56,expedited,1,complete,Approved,2026-05-02 09:24:56,PA-260129,,2026-05-30
AUTH0130,PAT033,PRV003,COV033,PROC001,DX003,2026-06-15 03:05:08,2026-06-15 06:05:08,standard,1,complete,Approved,2026-06-16 02:05:08,PA-260130,,2026-07-07
AUTH0131,PAT050,PRV006,COV050,PROC006,DX007,2026-04-21 11:33:05,2026-04-22 03:33:05,standard,0,complete,Denied,2026-04-25 13:33:05,,Out-of-network service limitation,2026-05-06
AUTH0132,PAT034,PRV006,COV034,PROC007,DX006,2026-05-07 11:10:20,2026-05-07 13:10:20,standard,1,complete,Approved,2026-05-09 15:10:20,PA-260132,,2026-06-16
AUTH0133,PAT025,PRV009,COV025,PROC002,DX005,2026-05-31 19:35:46,2026-06-01 16:35:46,standard,1,complete,Approved,2026-06-04 01:35:46,PA-260133,,2026-06-19
AUTH0134,PAT008,PRV003,COV008,PROC002,DX008,2026-02-03 20:38:13,2026-02-04 00:38:13,expedited,1,complete,Approved,2026-02-06 02:38:13,PA-260134,,2026-02-14
AUTH0135,PAT036,PRV009,COV036,PROC005,DX005,2026-06-15 15:38:05,2026-06-16 15:38:05,standard,1,complete,In Review,,,,2026-07-15
AUTH0136,PAT033,PRV004,COV033,PROC002,DX004,2026-06-04 03:17:36,2026-06-04 20:17:36,standard,0,incomplete,Additional Information Required,,,,2026-07-04
AUTH0137,PAT036,PRV010,COV036,PROC006,DX008,2026-06-06 09:20:06,2026-06-06 15:20:06,expedited,1,complete,Submitted,,,,2026-06-18
AUTH0138,PAT005,PRV005,COV005,PROC007,DX008,2026-04-13 09:55:09,,standard,1,pending-review,Draft,,,,2026-05-16
AUTH0139,PAT037,PRV002,COV037,PROC003,DX006,2026-05-06 01:30:53,2026-05-06 19:30:53,standard,1,complete,Denied,2026-05-08 09:30:53,,Out-of-network service limitation,2026-06-19
AUTH0140,PAT012,PRV003,COV012,PROC007,DX009,2026-06-27 04:13:36,2026-06-27 22:13:36,expedited,1,complete,Approved,2026-06-29 10:13:36,PA-260140,,2026-07-14
AUTH0141,PAT011,PRV006,COV011,PROC004,DX006,2026-04-12 02:14:20,2026-04-12 06:14:20,expedited,1,complete,Submitted,,,,2026-05-05
AUTH0142,PAT013,PRV009,COV013,PROC005,DX003,2026-05-02 16:48:55,2026-05-03 10:48:55,standard,1,complete,Approved,2026-05-04 13:48:55,PA-260142,,2026-05-19
AUTH0143,PAT043,PRV010,COV043,PROC010,DX006,2026-06-13 22:28:27,2026-06-14 00:28:27,expedited,0,complete,Approved,2026-06-16 03:28:27,PA-260143,,2026-07-26
AUTH0144,PAT027,PRV010,COV027,PROC001,DX008,2026-06-22 23:01:32,2026-06-23 10:01:32,standard,1,complete,Submitted,,,,2026-07-18
AUTH0145,PAT031,PRV004,COV031,PROC007,DX005,2026-03-30 09:40:07,2026-03-31 01:40:07,standard,0,complete,Approved,2026-04-04 04:40:07,PA-260145,,2026-04-27
AUTH0146,PAT039,PRV003,COV039,PROC006,DX006,2026-05-23 21:37:07,2026-05-24 11:37:07,expedited,1,complete,Approved,2026-05-26 02:37:07,PA-260146,,2026-07-01
AUTH0147,PAT036,PRV002,COV036,PROC006,DX004,2026-04-01 21:55:11,2026-04-02 13:55:11,standard,0,incomplete,Additional Information Required,,,,2026-04-17
AUTH0148,PAT007,PRV001,COV007,PROC005,DX007,2026-06-18 03:17:43,2026-06-18 10:17:43,standard,0,complete,Approved,2026-06-22 00:17:43,PA-260148,,2026-07-05
AUTH0149,PAT032,PRV009,COV032,PROC008,DX008,2026-06-21 00:47:22,2026-06-21 14:47:22,standard,0,complete,Approved,2026-06-25 08:47:22,PA-260149,,2026-08-04
AUTH0150,PAT023,PRV001,COV023,PROC001,DX005,2026-04-07 10:22:26,2026-04-08 08:22:26,standard,0,incomplete,Additional Information Required,,,,2026-05-02
AUTH0151,PAT035,PRV001,COV035,PROC002,DX007,2026-01-27 08:10:55,2026-01-27 21:10:55,expedited,1,complete,Submitted,,,,2026-02-28
AUTH0152,PAT024,PRV001,COV024,PROC007,DX001,2026-04-22 01:42:18,2026-04-22 14:42:18,standard,0,incomplete,Additional Information Required,,,,2026-05-03
AUTH0153,PAT025,PRV009,COV025,PROC008,DX009,2026-02-24 15:35:34,2026-02-25 12:35:34,standard,1,complete,In Review,,,,2026-03-11
AUTH0154,PAT007,PRV007,COV007,PROC006,DX006,2026-04-19 15:41:05,2026-04-19 23:41:05,expedited,1,complete,Approved,2026-04-22 16:41:05,PA-260154,,2026-05-28
AUTH0155,PAT003,PRV001,COV003,PROC001,DX003,2026-05-19 21:34:44,2026-05-20 13:34:44,standard,1,complete,In Review,,,,2026-07-03
AUTH0156,PAT033,PRV003,COV033,PROC006,DX010,2026-03-04 04:27:27,2026-03-04 15:27:27,standard,1,complete,In Review,,,,2026-04-12
AUTH0157,PAT033,PRV009,COV033,PROC008,DX010,2026-02-28 13:07:31,2026-03-01 01:07:31,standard,0,complete,Approved,2026-03-03 09:07:31,PA-260157,,2026-04-14
AUTH0158,PAT031,PRV005,COV031,PROC010,DX010,2026-02-14 12:25:41,2026-02-14 19:25:41,standard,1,complete,Approved,2026-02-16 12:25:41,PA-260158,,2026-03-08
AUTH0159,PAT003,PRV010,COV003,PROC002,DX004,2026-01-05 00:15:16,2026-01-05 15:15:16,standard,1,complete,Denied,2026-01-07 14:15:16,,Out-of-network service limitation,2026-02-11
AUTH0160,PAT048,PRV001,COV048,PROC003,DX009,2026-02-10 14:16:56,2026-02-11 07:16:56,standard,1,complete,Approved,2026-02-13 11:16:56,PA-260160,,2026-02-28
AUTH0161,PAT030,PRV009,COV030,PROC006,DX009,2026-03-11 03:05:49,2026-03-12 02:05:49,standard,1,complete,Approved,2026-03-14 08:05:49,PA-260161,,2026-03-30
AUTH0162,PAT016,PRV005,COV016,PROC009,DX005,2026-02-13 23:57:22,2026-02-14 10:57:22,expedited,1,complete,Denied,2026-02-16 14:57:22,,Requested service not covered by plan,2026-03-22
AUTH0163,PAT023,PRV009,COV023,PROC005,DX005,2026-01-24 23:58:28,2026-01-25 18:58:28,standard,0,incomplete,Additional Information Required,,,,2026-02-25
AUTH0164,PAT023,PRV003,COV023,PROC005,DX001,2026-02-26 04:27:16,,expedited,1,pending-review,Draft,,,,2026-03-10
AUTH0165,PAT023,PRV008,COV023,PROC005,DX008,2026-02-11 21:15:02,2026-02-12 16:15:02,standard,1,complete,In Review,,,,2026-02-26
AUTH0166,PAT007,PRV010,COV007,PROC010,DX004,2026-02-17 09:56:10,2026-02-17 18:56:10,standard,1,complete,Approved,2026-02-18 19:56:10,PA-260166,,2026-03-02
AUTH0167,PAT027,PRV006,COV027,PROC008,DX002,2026-05-13 14:35:05,2026-05-14 09:35:05,standard,0,complete,In Review,,,,2026-06-19
AUTH0168,PAT042,PRV004,COV042,PROC005,DX006,2026-02-25 18:07:54,2026-02-25 22:07:54,standard,0,incomplete,Additional Information Required,,,,2026-04-07
AUTH0169,PAT048,PRV001,COV048,PROC003,DX007,2026-06-21 15:33:34,2026-06-21 18:33:34,standard,1,complete,Approved,2026-06-24 10:33:34,PA-260169,,2026-07-09
AUTH0170,PAT048,PRV005,COV048,PROC001,DX001,2026-02-28 06:36:30,,standard,1,pending-review,Cancelled,,,,2026-03-25
AUTH0171,PAT030,PRV009,COV030,PROC009,DX008,2026-06-23 00:15:06,2026-06-23 18:15:06,expedited,1,complete,Submitted,,,,2026-07-29
AUTH0172,PAT018,PRV004,COV018,PROC002,DX006,2026-02-01 21:16:41,2026-02-02 19:16:41,standard,0,incomplete,Additional Information Required,,,,2026-02-19
AUTH0173,PAT001,PRV006,COV001,PROC005,DX010,2026-05-12 06:56:13,2026-05-13 04:56:13,standard,0,complete,Approved,2026-05-17 14:56:13,PA-260173,,2026-05-24
AUTH0174,PAT026,PRV002,COV026,PROC003,DX003,2026-04-04 01:05:50,2026-04-04 11:05:50,standard,0,complete,Approved,2026-04-08 07:05:50,PA-260174,,2026-05-02
AUTH0175,PAT020,PRV010,COV020,PROC010,DX001,2026-02-21 02:55:33,,standard,1,pending-review,Draft,,,,2026-03-15
AUTH0176,PAT004,PRV002,COV004,PROC008,DX005,2026-02-01 08:20:03,2026-02-02 08:20:03,standard,1,complete,In Review,,,,2026-02-15
AUTH0177,PAT041,PRV005,COV041,PROC006,DX010,2026-02-13 05:13:55,2026-02-13 11:13:55,standard,0,complete,Approved,2026-02-18 04:13:55,PA-260177,,2026-03-27
AUTH0178,PAT031,PRV009,COV031,PROC004,DX004,2026-05-13 10:37:23,2026-05-13 14:37:23,standard,0,incomplete,Additional Information Required,,,,2026-06-22
AUTH0179,PAT046,PRV006,COV046,PROC002,DX010,2026-01-23 02:55:51,,standard,1,pending-review,Draft,,,,2026-03-06
AUTH0180,PAT033,PRV004,COV033,PROC010,DX009,2026-01-30 10:21:45,2026-01-31 02:21:45,standard,1,complete,Approved,2026-02-01 06:21:45,PA-260180,,2026-03-15
AUTH0181,PAT032,PRV002,COV032,PROC009,DX008,2026-06-07 08:46:41,2026-06-07 23:46:41,standard,0,complete,Denied,2026-06-11 22:46:41,,Requested service not covered by plan,2026-06-15
AUTH0182,PAT026,PRV005,COV026,PROC001,DX004,2026-04-23 15:07:33,2026-04-24 15:07:33,standard,1,complete,Approved,2026-04-25 06:07:33,PA-260182,,2026-05-04
AUTH0183,PAT031,PRV001,COV031,PROC005,DX007,2026-02-05 06:46:25,2026-02-06 04:46:25,standard,1,complete,Approved,2026-02-08 13:46:25,PA-260183,,2026-03-08
AUTH0184,PAT029,PRV007,COV029,PROC007,DX002,2026-05-13 21:45:14,,expedited,1,pending-review,Draft,,,,2026-06-23
AUTH0185,PAT009,PRV006,COV009,PROC002,DX003,2026-04-15 15:48:21,,standard,1,pending-review,Draft,,,,2026-04-30
AUTH0186,PAT047,PRV004,COV047,PROC001,DX001,2026-02-28 06:28:20,2026-03-01 01:28:20,standard,0,incomplete,Additional Information Required,,,,2026-04-10
AUTH0187,PAT025,PRV004,COV025,PROC004,DX008,2026-03-09 13:13:16,2026-03-09 18:13:16,standard,0,complete,Approved,2026-03-11 17:13:16,PA-260187,,2026-03-29
AUTH0188,PAT005,PRV002,COV005,PROC010,DX001,2026-03-29 00:33:58,2026-03-29 03:33:58,standard,1,complete,Approved,2026-03-30 04:33:58,PA-260188,,2026-04-30
AUTH0189,PAT029,PRV004,COV029,PROC009,DX004,2026-05-27 19:41:31,2026-05-28 13:41:31,expedited,0,complete,Denied,2026-05-31 22:41:31,,Required clinical documentation incomplete,2026-06-22
AUTH0190,PAT010,PRV009,COV010,PROC004,DX007,2026-02-28 16:26:09,2026-03-01 12:26:09,standard,1,complete,In Review,,,,2026-04-03
AUTH0191,PAT036,PRV008,COV036,PROC001,DX006,2026-05-06 06:04:12,2026-05-07 00:04:12,standard,1,complete,Submitted,,,,2026-06-02
AUTH0192,PAT045,PRV007,COV045,PROC007,DX003,2026-02-28 13:34:54,2026-03-01 08:34:54,standard,1,complete,Submitted,,,,2026-04-06
AUTH0193,PAT016,PRV004,COV016,PROC005,DX003,2026-06-06 19:11:20,2026-06-06 22:11:20,standard,0,incomplete,Additional Information Required,,,,2026-07-09
AUTH0194,PAT036,PRV009,COV036,PROC003,DX007,2026-02-17 11:48:09,2026-02-17 15:48:09,standard,1,complete,Denied,2026-02-20 02:48:09,,Medical necessity criteria not met,2026-03-30
AUTH0195,PAT047,PRV004,COV047,PROC001,DX005,2026-03-15 13:43:48,2026-03-15 17:43:48,standard,1,complete,Approved,2026-03-17 02:43:48,PA-260195,,2026-04-21
AUTH0196,PAT014,PRV006,COV014,PROC005,DX001,2026-02-11 11:05:44,2026-02-11 16:05:44,expedited,1,complete,Submitted,,,,2026-03-20
AUTH0197,PAT016,PRV010,COV016,PROC004,DX007,2026-06-28 00:47:54,2026-06-28 11:47:54,standard,1,complete,Approved,2026-07-01 00:47:54,PA-260197,,2026-08-08
AUTH0198,PAT042,PRV006,COV042,PROC005,DX005,2026-03-12 04:03:55,2026-03-12 21:03:55,standard,1,complete,Submitted,,,,2026-04-17
AUTH0199,PAT007,PRV008,COV007,PROC006,DX004,2026-03-14 07:36:36,2026-03-14 10:36:36,standard,1,complete,Submitted,,,,2026-04-26
AUTH0200,PAT015,PRV003,COV015,PROC001,DX005,2026-04-18 18:37:07,2026-04-19 09:37:07,expedited,1,complete,Approved,2026-04-20 20:37:07,PA-260200,,2026-05-07
